Valores de variable - 2024;;;
;;;
;Valor;;Etiqueta
;A.3;1;Sí
;;2;No
;A.4;-88;No aplica
;;1;Dirección inexistente
;;2;Vivienda desocupada
;;3;Personas ausentes
;;4;No hay informante calificado
;;5;Rechazo
;;6;No es vivienda
;;7;La dirección no corresponde
;;8;Problema de orden público
;;9;Vivienda demolida
;;10;Encuesta realizada por otra entidad
;A.6;1;Cabecera -Urbana
;;2;Centro poblado- Rural
;;3;Rural disperso- Rural
;A.7;1;Popular
;;2;Santa Cruz
;;3;Manrique
;;4;Aranjuez
;;5;Castilla
;;6;Doce De Octubre
;;7;Robledo
;;8;Villa Hermosa
;;9;Buenos Aires
;;10;La Candelaria
;;11;Laureles - Estadio
;;12;La América
;;13;San Javier
;;14;El Poblado
;;15;Guayabal
;;16;Belén
;;50;Palmitas
;;60;San Cristóbal
;;70;Altavista
;;80;San Antonio de Prado
;;90;Santa Elena
;A.10;1;Estrato 1
;;2;Estrato 2
;;3;Estrato 3
;;4;Estrato 4
;;5;Estrato 5
;;6;Estrato 6
;B.2;1;Hombre
;;2;Mujer
;B.3;-98;No sabe
;;-88;No aplica
;;1;Masculino
;;2;Femenino
;;3;Transgénero (trans masculino y femenino)
;;4;Otra ¿Cuál?
;;5;Prefiero no responder
;B.4;-88;No aplica
;;1;Hombres
;;2;Mujeres
;;3;Ambos sexos
;;4;Otro. ¿cuál?
;;5;Prefiero no responder
;B.5;1;Jefe(a) del hogar.
;;2;Cónyuge o Compañera (o)
;;3;Hijos de esta unión.
;;4;Hijos de otra unión
;;5;Nieto (a)
;;6;Padre o Madre del jefe
;;7;hermano del jefe
;;8;Yerno o Nuera del jefe
;;9;Abuelo (a) del jefe
;;10;Suegro (a) del jefe
;;11;Tío (a) del jefe
;;12;Sobrino (a) del jefe
;;13;Primo (a) del jefe
;;14;Cuñado (a) del jefe
;;15;Otros Parientes del jefe
;;16;Servicio doméstico (Siempre que sean residentes habituales)
;;17;Hijo (a) del servicio doméstico
;;18;No parientes (incluye a los pensionistas y amigos)
;B.7;1;Soltero(a)
;;2;Casado(a)
;;3;Viudo(a)
;;4;Separado(a) o divorciado
;;5;No está casado y vive en pareja hace menos de dos años
;;6;No está casado y vive en pareja hace dos años o más
;B.8;-99;No responde
;;-98;No sabe
;;1;Indígena
;;2;Negro(a), mulato, afrocolombiano afrodescendiente
;;3;Mestizo
;;4;Blanco
;;5;Raizal (Sanandresano)
;;6;Rom o Gitano
;C.1;-99;No responde
;;-98;No sabe
;;1;Sí
;;2;No
;C.2;-99;No responde
;;-98;No sabe
;;-88;No aplica
;C.3;-99;No responde
;;-98;No sabe
;;-88;No aplica
;;-77;Otra
;;1;Orden público
;;2;Estudio
;;3;Búsqueda de trabajo
;;4;Venta de tierra
;;5;Razones familiares
;;6;Fenómeno natural
;;7;Motivos laborales
;;8;Razones de salud
;;9;Traslado del hogar
;;10;Nos quedaba cerca
;;11;Nos pareció atractiva
;;12;Migración extranjera
;C.4;-99;No responde
;;-98;No sabe
;;-88;No aplica
;;-77;Otra
;;1;Extorsión
;;2;Secuestro
;;3;Presiones de grupos armados
;;4;Amenazas de la delincuencia común
;C.5;-99;No responde
;;-98;No sabe
;;-88;No aplica
;;1;Colombia
;;2;Estados unidos
;;3;España
;;4;Venezuela
;;5;Argentina
;;6;Bolivia
;;7;Brasil
;;8;Chile
;;9;Cuba
;;10;Ecuador
;;11;Panama
;;12;Paraguay
;;13;Uruguay
;;7777;Otro país
;C.6;-99;No responde
;;-98;No sabe
;;-88;No Aplica
;;5;ANTIOQUIA
;;8;ATLANTICO
;;11;BOGOTA D.C.
;;13;BOLIVAR
;;15;BOYACA
;;17;CALDAS
;;18;CAQUETA
;;19;CAUCA
;;20;CESAR
;;23;CORDOBA
;;25;CUNDINAMARCA
;;27;CHOCO
;;41;HUILA
;;44;LA GUAJIRA
;;47;MAGDALENA
;;50;META
;;52;NARIÑO
;;54;NORTE DE SANTANDER
;;63;QUINDIO
;;66;RISARALDA
;;68;SANTANDER
;;70;SUCRE
;;73;TOLIMA
;;76;VALLE DEL CAUCA
;;81;ARAUCA
;;85;CASANARE
;;86;PUTUMAYO
;;88;SAN ANDRES
;;91;AMAZONAS
;;94;GUAINIA
;;95;GUAVIARE
;;97;VAUPES
;;99;VICHADA
;C.7;-99;No Responde
;;-98;No Sabe
;;-88;No Aplica
;;5001;MEDELLIN
;;5002;ABEJORRAL
;;5004;ABRIAQUÍ
;;5021;ALEJANDRÍA
;;5030;AMAGÁ
;;5031;AMALFI
;;5034;ANDES
;;5036;ANGELÓPOLIS
;;5038;ANGOSTURA
;;5040;ANORÍ
;;5042;SANTAFÉ DE ANTIOQUIA
;;5044;ANZA
;;5045;APARTADÓ
;;5051;ARBOLETES
;;5055;ARGELIA
;;5059;ARMENIA
;;5079;BARBOSA
;;5086;BELMIRA
;;5088;BELLO
;;5091;BETANIA
;;5093;BETULIA
;;5101;CIUDAD BOLÍVAR
;;5107;BRICEÑO
;;5113;BURITICÁ
;;5120;CÁCERES
;;5125;CAICEDO
;;5129;CALDAS
;;5134;CAMPAMENTO
;;5138;CAÑASGORDAS
;;5142;CARACOLI
;;5145;CARAMANTA
;;5147;CAREPA
;;5148;EL CARMEN DE VIBORAL
;;5150;CAROLINA
;;5154;CAUCASIA
;;5172;CHIGORODO
;;5190;CISNEROS
;;5197;COCORNA
;;5206;CONCEPCION
;;5209;CONCORDIA
;;5212;COPACABANA
;;5234;DABEIBA
;;5237;DON MATIAS
;;5240;EBEJICO
;;5250;EL BAGRE
;;5264;ENTRERRIOS
;;5266;ENVIGADO
;;5282;FREDONIA
;;5284;FRONTINO
;;5306;GIRALDO
;;5308;GIRARDOTA
;;5310;GOMEZ PLATA
;;5313;GRANADA
;;5315;GUADALUPE
;;5318;GUARNE
;;5321;GUATAPE
;;5347;HELICONIA
;;5353;HISPANIA
;;5360;ITAGUI
;;5361;ITUANGO
;;5364;JARDIN
;;5368;JERICO
;;5376;LA CEJA
;;5380;LA ESTRELLA
;;5390;LA PINTADA
;;5400;LA UNION
;;5411;LIBORINA
;;5425;MACEO
;;5440;MARINILLA
;;5467;MONTEBELLO
;;5475;MURINDO
;;5480;MUTATA
;;5483;NARIÑO
;;5490;NECOCLI
;;5495;NECHI
;;5501;OLAYA
;;5541;PEÑOL
;;5543;PEQUE
;;5576;PUEBLORRICO
;;5579;PUERTO BERRIO
;;5585;PUERTO NARE
;;5591;PUERTO TRIUNFO
;;5604;REMEDIOS
;;5607;RETIRO
;;5615;RIONEGRO
;;5628;SABANALARGA
;;5631;SABANETA
;;5642;SALGAR
;;5647;SAN ANDRES
;;5649;SAN CARLOS
;;5652;SAN FRANCISCO
;;5656;SAN JERONIMO
;;5658;SAN JOSE DE LA MONTAÑA
;;5659;SAN JUAN DE URABA
;;5660;SAN LUIS
;;5664;SAN PEDRO
;;5665;SAN PEDRO DE URABA
;;5667;SAN RAFAEL
;;5670;SAN ROQUE
;;5674;SAN VICENTE
;;5679;SANTA BARBARA
;;5686;SANTA ROSA DE OSOS
;;5690;SANTO DOMINGO
;;5697;EL SANTUARIO
;;5736;SEGOVIA
;;5756;SONSON
;;5761;SOPETRAN
;;5789;TAMESIS
;;5790;TARAZA
;;5792;TARSO
;;5809;TITIRIBI
;;5819;TOLEDO
;;5837;TURBO
;;5842;URAMITA
;;5847;URRAO
;;5854;VALDIVIA
;;5856;VALPARAISO
;;5858;VEGACHI
;;5861;VENECIA
;;5873;VIGIA DEL FUERTE
;;5885;YALI
;;5887;YARUMAL
;;5890;YOLOMBO
;;5893;YONDO
;;5895;ZARAGOZA
;;8001;BARRANQUILLA
;;8078;BARANOA
;;8137;CAMPO DE LA CRUZ
;;8141;CANDELARIA
;;8296;GALAPA
;;8372;JUAN DE ACOSTA
;;8421;LURUACO
;;8433;MALAMBO
;;8436;MANATI
;;8520;PALMAR DE VARELA
;;8549;PIOJO
;;8558;POLONUEVO
;;8560;PONEDERA
;;8573;PUERTO COLOMBIA
;;8606;REPELON
;;8634;SABANAGRANDE
;;8638;SABANALARGA
;;8675;SANTA LUCIA
;;8685;SANTO TOMAS
;;8758;SOLEDAD
;;8770;SUAN
;;8832;TUBARA
;;8849;USIACURI
;;11001;BOGOTÁ
;;13001;CARTAGENA
;;13006;ACHI
;;13030;ALTOS DEL ROSARIO
;;13042;ARENAL
;;13052;ARJONA
;;13062;ARROYOHONDO
;;13074;BARRANCO DE LOBA
;;13140;CALAMAR
;;13160;CANTAGALLO
;;13188;CICUCO
;;13212;CORDOBA
;;13222;CLEMENCIA
;;13244;EL CARMEN DE BOLIVAR
;;13248;EL GUAMO
;;13268;EL PEÑÓN
;;13300;HATILLO DE LOBA
;;13430;MAGANGUE
;;13433;MAHATES
;;13440;MARGARITA
;;13442;MARIA LA BAJA
;;13458;MONTECRISTO
;;13468;MOMPOS
;;13473;MORALES
;;13549;PINILLOS
;;13580;REGIDOR
;;13600;RÍO VIEJO
;;13620;SAN CRISTOBAL
;;13647;SAN ESTANISLAO
;;13650;SAN FERNANDO
;;13654;SAN JACINTO
;;13655;SAN JACINTO DEL CAUCA
;;13657;SAN JUAN NEPOMUCENO
;;13667;SAN MARTIN DE LOBA
;;13670;SAN PABLO
;;13673;SANTA CATALINA
;;13683;SANTA ROSA
;;13688;SANTA ROSA DEL SUR
;;13744;SIMITI
;;13760;SOPLAVIENTO
;;13780;TALAIGUA NUEVO
;;13810;TIQUISIO
;;13836;TURBACO
;;13838;TURBANA
;;13873;VILLANUEVA
;;13894;ZAMBRANO
;;15001;TUNJA
;;15022;ALMEIDA
;;15047;AQUITANIA
;;15051;ARCABUCO
;;15087;BELEN
;;15090;BERBEO
;;15092;BETEITIVA
;;15097;BOAVITA
;;15104;BOYACA
;;15106;BRICEÑO
;;15109;BUENAVISTA
;;15114;BUSBANZA
;;15131;CALDAS
;;15135;CAMPOHERMOSO
;;15162;CERINZA
;;15172;CHINAVITA
;;15176;CHIQUINQUIRA
;;15180;CHISCAS
;;15183;CHITA
;;15185;CHITARAQUE
;;15187;CHIVATA
;;15189;CIENEGA
;;15204;COMBITA
;;15212;COPER
;;15215;CORRALES
;;15218;COVARACHIA
;;15223;CUBARA
;;15224;CUCAITA
;;15226;CUITIVA
;;15232;CHIQUIZA
;;15236;CHIVOR
;;15238;DUITAMA
;;15244;EL COCUY
;;15248;EL ESPINO
;;15272;FIRAVITOBA
;;15276;FLORESTA
;;15293;GACHANTIVA
;;15296;GAMEZA
;;15299;GARAGOA
;;15317;GUACAMAYAS
;;15322;GUATEQUE
;;15325;GUAYATA
;;15332;GÜICÁN
;;15362;IZA
;;15367;JENESANO
;;15368;JERICO
;;15377;LABRANZAGRANDE
;;15380;LA CAPILLA
;;15401;LA VICTORIA
;;15403;LA UVITA
;;15407;VILLA DE LEYVA
;;15425;MACANAL
;;15442;MARIPI
;;15455;MIRAFLORES
;;15464;MONGUA
;;15466;MONGUI
;;15469;MONIQUIRA
;;15476;MOTAVITA
;;15480;MUZO
;;15491;NOBSA
;;15494;NUEVO COLON
;;15500;OICATA
;;15507;OTANCHE
;;15511;PACHAVITA
;;15514;PAEZ
;;15516;PAIPA
;;15518;PAJARITO
;;15522;PANQUEBA
;;15531;PAUNA
;;15533;PAYA
;;15537;PAZ DE RIO
;;15542;PESCA
;;15550;PISBA
;;15572;PUERTO BOYACA
;;15580;QUIPAMA
;;15599;RAMIRIQUI
;;15600;RAQUIRA
;;15621;RONDON
;;15632;SABOYA
;;15638;SACHICA
;;15646;SAMACA
;;15660;SAN EDUARDO
;;15664;SAN JOSE DE PARE
;;15667;SAN LUIS DE GACENO
;;15673;SAN MATEO
;;15676;SAN MIGUEL DE SEMA
;;15681;SAN PABLO DE BORBUR
;;15686;SANTANA
;;15690;SANTA MARIA
;;15693;SANTA ROSA DE VITERBO
;;15696;SANTA SOFIA
;;15720;SATIVANORTE
;;15723;SATIVASUR
;;15740;SIACHOQUE
;;15753;SOATA
;;15755;SOCOTA
;;15757;SOCHA
;;15759;SOGAMOSO
;;15761;SOMONDOCO
;;15762;SORA
;;15763;SOTAQUIRA
;;15764;SORACA
;;15774;SUSACON
;;15776;SUTAMARCHAN
;;15778;SUTATENZA
;;15790;TASCO
;;15798;TENZA
;;15804;TIBANA
;;15806;TIBASOSA
;;15808;TINJACA
;;15810;TIPACOQUE
;;15814;TOCA
;;15816;TOGÜÍ
;;15820;TOPAGA
;;15822;TOTA
;;15832;TUNUNGUA
;;15835;TURMEQUE
;;15837;TUTA
;;15839;TUTAZA
;;15842;UMBITA
;;15861;VENTAQUEMADA
;;15879;VIRACACHA
;;15897;ZETAQUIRA
;;17001;MANIZALES
;;17013;AGUADAS
;;17042;ANSERMA
;;17050;ARANZAZU
;;17088;BELALCAZAR
;;17174;CHINCHINA
;;17272;FILADELFIA
;;17380;LA DORADA
;;17388;LA MERCED
;;17433;MANZANARES
;;17442;MARMATO
;;17444;MARQUETALIA
;;17446;MARULANDA
;;17486;NEIRA
;;17495;NORCASIA
;;17513;PACORA
;;17524;PALESTINA
;;17541;PENSILVANIA
;;17614;RIOSUCIO
;;17616;RISARALDA
;;17653;SALAMINA
;;17662;SAMANA
;;17665;SAN JOSE
;;17777;SUPIA
;;17867;VICTORIA
;;17873;VILLAMARIA
;;17877;VITERBO
;;18001;FLORENCIA
;;18029;ALBANIA
;;18094;BELEN DE LOS ANDAQUIES
;;18150;CARTAGENA DEL CHAIRA
;;18205;CURILLO
;;18247;EL DONCELLO
;;18256;EL PAUJIL
;;18410;LA MONTAÑITA
;;18460;MILAN
;;18479;MORELIA
;;18592;PUERTO RICO
;;18610;SAN JOSÉ DEL FRAGUA
;;18753;SAN VICENTE DEL CAGUÁN
;;18756;SOLANO
;;18785;SOLITA
;;18860;VALPARAISO
;;19001;POPAYAN
;;19022;ALMAGUER
;;19050;ARGELIA
;;19075;BALBOA
;;19100;BOLIVAR
;;19110;BUENOS AIRES
;;19130;CAJIBIO
;;19137;CALDONO
;;19142;CALOTO
;;19212;CORINTO
;;19256;EL TAMBO
;;19290;FLORENCIA
;;19300;GUACHENÉ
;;19318;GUAPI
;;19355;INZA
;;19364;JAMBALO
;;19392;LA SIERRA
;;19397;LA VEGA
;;19418;LOPEZ
;;19450;MERCADERES
;;19455;MIRANDA
;;19473;MORALES
;;19513;PADILLA
;;19517;PAEZ
;;19532;PATIA
;;19533;PIAMONTE
;;19548;PIENDAMO
;;19573;PUERTO TEJADA
;;19585;PURACE
;;19622;ROSAS
;;19693;SAN SEBASTIAN
;;19698;SANTANDER DE QUILICHAO
;;19701;SANTA ROSA
;;19743;SILVIA
;;19760;SOTARA
;;19780;SUAREZ
;;19785;SUCRE
;;19807;TIMBIO
;;19809;TIMBIQUI
;;19821;TORIBIO
;;19824;TOTORO
;;19845;VILLA RICA
;;20001;VALLEDUPAR
;;20011;AGUACHICA
;;20013;AGUSTIN CODAZZI
;;20032;ASTREA
;;20045;BECERRIL
;;20060;BOSCONIA
;;20175;CHIMICHAGUA
;;20178;CHIRIGUANA
;;20228;CURUMANI
;;20238;EL COPEY
;;20250;EL PASO
;;20295;GAMARRA
;;20310;GONZALEZ
;;20383;LA GLORIA
;;20400;LA JAGUA DE IBIRICO
;;20443;MANAURE
;;20517;PAILITAS
;;20550;PELAYA
;;20570;PUEBLO BELLO
;;20614;RIO DE ORO
;;20621;LA PAZ
;;20710;SAN ALBERTO
;;20750;SAN DIEGO
;;20770;SAN MARTIN
;;20787;TAMALAMEQUE
;;23001;MONTERIA
;;23068;AYAPEL
;;23079;BUENAVISTA
;;23090;CANALETE
;;23162;CERETE
;;23168;CHIMA
;;23182;CHINU
;;23189;CIENAGA DE ORO
;;23300;COTORRA
;;23350;LA APARTADA
;;23417;LORICA
;;23419;LOS CORDOBAS
;;23464;MOMIL
;;23466;MONTELÍBANO
;;23500;MOÑITOS
;;23555;PLANETA RICA
;;23570;PUEBLO NUEVO
;;23574;PUERTO ESCONDIDO
;;23580;PUERTO LIBERTADOR
;;23586;PURISIMA
;;23660;SAHAGUN
;;23670;SAN ANDRÉS SOTAVENTO
;;23672;SAN ANTERO
;;23675;SAN BERNARDO DEL VIENTO
;;23678;SAN CARLOS
;;23686;SAN PELAYO
;;23807;TIERRALTA
;;23855;VALENCIA
;;25001;AGUA DE DIOS
;;25019;ALBAN
;;25035;ANAPOIMA
;;25040;ANOLAIMA
;;25053;ARBELAEZ
;;25086;BELTRAN
;;25095;BITUIMA
;;25099;BOJACA
;;25120;CABRERA
;;25123;CACHIPAY
;;25126;CAJICA
;;25148;CAPARRAPI
;;25151;CAQUEZA
;;25154;CARMEN DE CARUPA
;;25168;CHAGUANI
;;25175;CHIA
;;25178;CHIPAQUE
;;25181;CHOACHI
;;25183;CHOCONTA
;;25200;COGUA
;;25214;COTA
;;25224;CUCUNUBA
;;25245;EL COLEGIO
;;25258;EL PEÑON
;;25260;EL ROSAL
;;25269;FACATATIVA
;;25279;FOMEQUE
;;25281;FOSCA
;;25286;FUNZA
;;25288;FUQUENE
;;25290;FUSAGASUGA
;;25293;GACHALA
;;25295;GACHANCIPA
;;25297;GACHETA
;;25299;GAMA
;;25307;GIRARDOT
;;25312;GRANADA
;;25317;GUACHETA
;;25320;GUADUAS
;;25322;GUASCA
;;25324;GUATAQUI
;;25326;GUATAVITA
;;25328;GUAYABAL DE SIQUIMA
;;25335;GUAYABETAL
;;25339;GUTIERREZ
;;25368;JERUSALEN
;;25372;JUNIN
;;25377;LA CALERA
;;25386;LA MESA
;;25394;LA PALMA
;;25398;LA PEÑA
;;25402;LA VEGA
;;25407;LENGUAZAQUE
;;25426;MACHETA
;;25430;MADRID
;;25436;MANTA
;;25438;MEDINA
;;25473;MOSQUERA
;;25483;NARIÑO
;;25486;NEMOCON
;;25488;NILO
;;25489;NIMAIMA
;;25491;NOCAIMA
;;25506;VENECIA
;;25513;PACHO
;;25518;PAIME
;;25524;PANDI
;;25530;PARATEBUENO
;;25535;PASCA
;;25572;PUERTO SALGAR
;;25580;PULI
;;25592;QUEBRADANEGRA
;;25594;QUETAME
;;25596;QUIPILE
;;25599;APULO
;;25612;RICAURTE
;;25645;SAN ANTONIO DEL TEQUENDAMA
;;25649;SAN BERNARDO
;;25653;SAN CAYETANO
;;25658;SAN FRANCISCO
;;25662;SAN JUAN DE RÍO SECO
;;25718;SASAIMA
;;25736;SESQUILE
;;25740;SIBATE
;;25743;SILVANIA
;;25745;SIMIJACA
;;25754;SOACHA
;;25758;SOPO
;;25769;SUBACHOQUE
;;25772;SUESCA
;;25777;SUPATA
;;25779;SUSA
;;25781;SUTATAUSA
;;25785;TABIO
;;25793;TAUSA
;;25797;TENA
;;25799;TENJO
;;25805;TIBACUY
;;25807;TIBIRITA
;;25815;TOCAIMA
;;25817;TOCANCIPA
;;25823;TOPAIPI
;;25839;UBALA
;;25841;UBAQUE
;;25843;VILLA DE SAN DIEGO DE UBATE
;;25845;UNE
;;25851;UTICA
;;25862;VERGARA
;;25867;VIANI
;;25871;VILLAGOMEZ
;;25873;VILLAPINZON
;;25875;VILLETA
;;25878;VIOTA
;;25885;YACOPI
;;25898;ZIPACON
;;25899;ZIPAQUIRA
;;27001;QUIBDO
;;27006;ACANDI
;;27025;ALTO BAUDO
;;27050;ATRATO
;;27073;BAGADO
;;27075;BAHIA SOLANO
;;27077;BAJO BAUDO
;;27086;BELÉN DE BAJIRÁ
;;27099;BOJAYA
;;27135;EL CANTÓN DEL SAN PABLO
;;27150;CARMEN DEL DARIEN
;;27160;CERTEGUI
;;27205;CONDOTO
;;27245;EL CARMEN DE ATRATO
;;27250;EL LITORAL DEL SAN JUAN
;;27361;ISTMINA
;;27372;JURADO
;;27413;LLORO
;;27425;MEDIO ATRATO
;;27430;MEDIO BAUDO
;;27450;MEDIO SAN JUAN
;;27491;NOVITA
;;27495;NUQUI
;;27580;RIO IRO
;;27600;RIO QUITO
;;27615;RIOSUCIO
;;27660;SAN JOSE DEL PALMAR
;;27745;SIPI
;;27787;TADO
;;27800;UNGUIA
;;27810;UNION PANAMERICANA
;;41001;NEIVA
;;41006;ACEVEDO
;;41013;AGRADO
;;41016;AIPE
;;41020;ALGECIRAS
;;41026;ALTAMIRA
;;41078;BARAYA
;;41132;CAMPOALEGRE
;;41206;COLOMBIA
;;41244;ELIAS
;;41298;GARZON
;;41306;GIGANTE
;;41319;GUADALUPE
;;41349;HOBO
;;41357;IQUIRA
;;41359;ISNOS
;;41378;LA ARGENTINA
;;41396;LA PLATA
;;41483;NATAGA
;;41503;OPORAPA
;;41518;PAICOL
;;41524;PALERMO
;;41530;PALESTINA
;;41548;PITAL
;;41551;PITALITO
;;41615;RIVERA
;;41660;SALADOBLANCO
;;41668;SAN AGUSTIN
;;41676;SANTA MARIA
;;41770;SUAZA
;;41791;TARQUI
;;41797;TESALIA
;;41799;TELLO
;;41801;TERUEL
;;41807;TIMANA
;;41872;VILLAVIEJA
;;41885;YAGUARA
;;44001;RIOHACHA
;;44035;ALBANIA
;;44078;BARRANCAS
;;44090;DIBULLA
;;44098;DISTRACCION
;;44110;EL MOLINO
;;44279;FONSECA
;;44378;HATONUEVO
;;44420;LA JAGUA DEL PILAR
;;44430;MAICAO
;;44560;MANAURE
;;44650;SAN JUAN DEL CESAR
;;44847;URIBIA
;;44855;URUMITA
;;44874;VILLANUEVA
;;47001;SANTA MARTA
;;47030;ALGARROBO
;;47053;ARACATACA
;;47058;ARIGUANI
;;47161;CERRO SAN ANTONIO
;;47170;CHIBOLO
;;47189;CIENAGA
;;47205;CONCORDIA
;;47245;EL BANCO
;;47258;EL PIÑON
;;47268;EL RETEN
;;47288;FUNDACION
;;47318;GUAMAL
;;47460;NUEVA GRANADA
;;47541;PEDRAZA
;;47545;PIJIÑO DEL CARMEN
;;47551;PIVIJAY
;;47555;PLATO
;;47570;PUEBLOVIEJO
;;47605;REMOLINO
;;47660;SABANAS DE SAN ANGEL
;;47675;SALAMINA
;;47692;SAN SEBASTIAN DE BUENAVISTA
;;47703;SAN ZENON
;;47707;SANTA ANA
;;47720;SANTA BARBARA DE PINTO
;;47745;SITIONUEVO
;;47798;TENERIFE
;;47960;ZAPAYAN
;;47980;ZONA BANANERA
;;50001;VILLAVICENCIO
;;50006;ACACIAS
;;50110;BARRANCA DE UPIA
;;50124;CABUYARO
;;50150;CASTILLA LA NUEVA
;;50223;CUBARRAL
;;50226;CUMARAL
;;50245;EL CALVARIO
;;50251;EL CASTILLO
;;50270;EL DORADO
;;50287;FUENTE DE ORO
;;50313;GRANADA
;;50318;GUAMAL
;;50325;MAPIRIPAN
;;50330;MESETAS
;;50350;LA MACARENA
;;50370;LA URIBE
;;50400;LEJANIAS
;;50450;PUERTO CONCORDIA
;;50568;PUERTO GAITAN
;;50573;PUERTO LOPEZ
;;50577;PUERTO LLERAS
;;50590;PUERTO RICO
;;50606;RESTREPO
;;50680;SAN CARLOS DE GUAROA
;;50683;SAN JUAN DE ARAMA
;;50686;SAN JUANITO
;;50689;SAN MARTIN
;;50711;VISTAHERMOSA
;;52001;PASTO
;;52019;ALBAN
;;52022;ALDANA
;;52036;ANCUYA
;;52051;ARBOLEDA
;;52079;BARBACOAS
;;52083;BELEN
;;52110;BUESACO
;;52203;COLON
;;52207;CONSACA
;;52210;CONTADERO
;;52215;CORDOBA
;;52224;CUASPUD
;;52227;CUMBAL
;;52233;CUMBITARA
;;52240;CHACHAGÜI
;;52250;EL CHARCO
;;52254;EL PEÑOL
;;52256;EL ROSARIO
;;52258;EL TABLÓN DE GÓMEZ
;;52260;EL TAMBO
;;52287;FUNES
;;52317;GUACHUCAL
;;52320;GUAITARILLA
;;52323;GUALMATAN
;;52352;ILES
;;52354;IMUES
;;52356;IPIALES
;;52378;LA CRUZ
;;52381;LA FLORIDA
;;52385;LA LLANADA
;;52390;LA TOLA
;;52399;LA UNION
;;52405;LEIVA
;;52411;LINARES
;;52418;LOS ANDES
;;52427;MAGÜI
;;52435;MALLAMA
;;52473;MOSQUERA
;;52480;NARIÑO
;;52490;OLAYA HERRERA
;;52506;OSPINA
;;52520;FRANCISCO PIZARRO
;;52540;POLICARPA
;;52560;POTOSI
;;52565;PROVIDENCIA
;;52573;PUERRES
;;52585;PUPIALES
;;52612;RICAURTE
;;52621;ROBERTO PAYAN
;;52678;SAMANIEGO
;;52683;SANDONA
;;52685;SAN BERNARDO
;;52687;SAN LORENZO
;;52693;SAN PABLO
;;52694;SAN PEDRO DE CARTAGO
;;52696;SANTA BARBARA
;;52699;SANTACRUZ
;;52720;SAPUYES
;;52786;TAMINANGO
;;52788;TANGUA
;;52835;TUMACO
;;52838;TUQUERRES
;;52885;YACUANQUER
;;54001;CUCUTA
;;54003;ABREGO
;;54051;ARBOLEDAS
;;54099;BOCHALEMA
;;54109;BUCARASICA
;;54125;CACOTA
;;54128;CACHIRA
;;54172;CHINACOTA
;;54174;CHITAGA
;;54206;CONVENCION
;;54223;CUCUTILLA
;;54239;DURANIA
;;54245;EL CARMEN
;;54250;EL TARRA
;;54261;EL ZULIA
;;54313;GRAMALOTE
;;54344;HACARI
;;54347;HERRAN
;;54377;LABATECA
;;54385;LA ESPERANZA
;;54398;LA PLAYA
;;54405;LOS PATIOS
;;54418;LOURDES
;;54480;MUTISCUA
;;54498;OCAÑA
;;54518;PAMPLONA
;;54520;PAMPLONITA
;;54553;PUERTO SANTANDER
;;54599;RAGONVALIA
;;54660;SALAZAR
;;54670;SAN CALIXTO
;;54673;SAN CAYETANO
;;54680;SANTIAGO
;;54720;SARDINATA
;;54743;SILOS
;;54800;TEORAMA
;;54810;TIBU
;;54820;TOLEDO
;;54871;VILLA CARO
;;54874;VILLA DEL ROSARIO
;;63001;ARMENIA
;;63111;BUENAVISTA
;;63130;CALARCA
;;63190;CIRCASIA
;;63212;CORDOBA
;;63272;FILANDIA
;;63302;GENOVA
;;63401;LA TEBAIDA
;;63470;MONTENEGRO
;;63548;PIJAO
;;63594;QUIMBAYA
;;63690;SALENTO
;;66001;PEREIRA
;;66045;APIA
;;66075;BALBOA
;;66088;BELEN DE UMBRIA
;;66170;DOSQUEBRADAS
;;66318;GUATICA
;;66383;LA CELIA
;;66400;LA VIRGINIA
;;66440;MARSELLA
;;66456;MISTRATO
;;66572;PUEBLO RICO
;;66594;QUINCHIA
;;66682;SANTA ROSA DE CABAL
;;66687;SANTUARIO
;;68001;BUCARAMANGA
;;68013;AGUADA
;;68020;ALBANIA
;;68051;ARATOCA
;;68077;BARBOSA
;;68079;BARICHARA
;;68081;BARRANCABERMEJA
;;68092;BETULIA
;;68101;BOLIVAR
;;68121;CABRERA
;;68132;CALIFORNIA
;;68147;CAPITANEJO
;;68152;CARCASI
;;68160;CEPITA
;;68162;CERRITO
;;68167;CHARALA
;;68169;CHARTA
;;68176;CHIMA
;;68179;CHIPATA
;;68190;CIMITARRA
;;68207;CONCEPCION
;;68209;CONFINES
;;68211;CONTRATACION
;;68217;COROMORO
;;68229;CURITI
;;68235;EL CARMEN DE CHUCURI
;;68245;EL GUACAMAYO
;;68250;EL PEÑON
;;68255;EL PLAYON
;;68264;ENCINO
;;68266;ENCISO
;;68271;FLORIÁN
;;68276;FLORIDABLANCA
;;68296;GALAN
;;68298;GAMBITA
;;68307;GIRON
;;68318;GUACA
;;68320;GUADALUPE
;;68322;GUAPOTA
;;68324;GUAVATA
;;68327;GÜEPSA
;;68344;HATO
;;68368;JESUS MARIA
;;68370;JORDAN
;;68377;LA BELLEZA
;;68385;LANDAZURI
;;68397;LA PAZ
;;68406;LEBRIJA
;;68418;LOS SANTOS
;;68425;MACARAVITA
;;68432;MALAGA
;;68444;MATANZA
;;68464;MOGOTES
;;68468;MOLAGAVITA
;;68498;OCAMONTE
;;68500;OIBA
;;68502;ONZAGA
;;68522;PALMAR
;;68524;PALMAS DEL SOCORRO
;;68533;PARAMO
;;68547;PIEDECUESTA
;;68549;PINCHOTE
;;68572;PUENTE NACIONAL
;;68573;PUERTO PARRA
;;68575;PUERTO WILCHES
;;68615;RIONEGRO
;;68655;SABANA DE TORRES
;;68669;SAN ANDRES
;;68673;SAN BENITO
;;68679;SAN GIL
;;68682;SAN JOAQUIN
;;68684;SAN JOSE DE MIRANDA
;;68686;SAN MIGUEL
;;68689;SAN VICENTE DE CHUCURI
;;68705;SANTA BARBARA
;;68720;SANTA HELENA DEL OPON
;;68745;SIMACOTA
;;68755;SOCORRO
;;68770;SUAITA
;;68773;SUCRE
;;68780;SURATA
;;68820;TONA
;;68855;VALLE DE SAN JOSÉ
;;68861;VELEZ
;;68867;VETAS
;;68872;VILLANUEVA
;;68895;ZAPATOCA
;;70001;SINCELEJO
;;70110;BUENAVISTA
;;70124;CAIMITO
;;70204;COLOSO
;;70215;COROZAL
;;70221;COVEÑAS
;;70230;CHALAN
;;70233;EL ROBLE
;;70235;GALERAS
;;70265;GUARANDA
;;70400;LA UNION
;;70418;LOS PALMITOS
;;70429;MAJAGUAL
;;70473;MORROA
;;70508;OVEJAS
;;70523;PALMITO
;;70670;SAMPUES
;;70678;SAN BENITO ABAD
;;70702;SAN JUAN DE BETULIA
;;70708;SAN MARCOS
;;70713;SAN ONOFRE
;;70717;SAN PEDRO
;;70742;SINCE
;;70771;SUCRE
;;70820;SANTIAGO DE TOLÚ
;;70823;TOLÚ VIEJO
;;73001;IBAGUE
;;73024;ALPUJARRA
;;73026;ALVARADO
;;73030;AMBALEMA
;;73043;ANZOATEGUI
;;73055;ARMERO
;;73067;ATACO
;;73124;CAJAMARCA
;;73148;CARMEN DE APICALÁ
;;73152;CASABIANCA
;;73168;CHAPARRAL
;;73200;COELLO
;;73217;COYAIMA
;;73226;CUNDAY
;;73236;DOLORES
;;73268;ESPINAL
;;73270;FALAN
;;73275;FLANDES
;;73283;FRESNO
;;73319;GUAMO
;;73347;HERVEO
;;73349;HONDA
;;73352;ICONONZO
;;73408;LERIDA
;;73411;LIBANO
;;73443;MARIQUITA
;;73449;MELGAR
;;73461;MURILLO
;;73483;NATAGAIMA
;;73504;ORTEGA
;;73520;PALOCABILDO
;;73547;PIEDRAS
;;73555;PLANADAS
;;73563;PRADO
;;73585;PURIFICACION
;;73616;RIOBLANCO
;;73622;RONCESVALLES
;;73624;ROVIRA
;;73671;SALDAÑA
;;73675;SAN ANTONIO
;;73678;SAN LUIS
;;73686;SANTA ISABEL
;;73770;SUAREZ
;;73854;VALLE DE SAN JUAN
;;73861;VENADILLO
;;73870;VILLAHERMOSA
;;73873;VILLARRICA
;;76001;CALI
;;76020;ALCALA
;;76036;ANDALUCIA
;;76041;ANSERMANUEVO
;;76054;ARGELIA
;;76100;BOLIVAR
;;76109;BUENAVENTURA
;;76111;GUADALAJARA DE BUGA
;;76113;BUGALAGRANDE
;;76122;CAICEDONIA
;;76126;CALIMA
;;76130;CANDELARIA
;;76147;CARTAGO
;;76233;DAGUA
;;76243;EL AGUILA
;;76246;EL CAIRO
;;76248;EL CERRITO
;;76250;EL DOVIO
;;76275;FLORIDA
;;76306;GINEBRA
;;76318;GUACARI
;;76364;JAMUNDI
;;76377;LA CUMBRE
;;76400;LA UNION
;;76403;LA VICTORIA
;;76497;OBANDO
;;76520;PALMIRA
;;76563;PRADERA
;;76606;RESTREPO
;;76616;RIOFRIO
;;76622;ROLDANILLO
;;76670;SAN PEDRO
;;76736;SEVILLA
;;76823;TORO
;;76828;TRUJILLO
;;76834;TULUA
;;76845;ULLOA
;;76863;VERSALLES
;;76869;VIJES
;;76890;YOTOCO
;;76892;YUMBO
;;76895;ZARZAL
;;77777;Otro Pais
;;81001;ARAUCA
;;81065;ARAUQUITA
;;81220;CRAVO NORTE
;;81300;FORTUL
;;81591;PUERTO RONDON
;;81736;SARAVENA
;;81794;TAME
;;85001;YOPAL
;;85010;AGUAZUL
;;85015;CHAMEZA
;;85125;HATO COROZAL
;;85136;LA SALINA
;;85139;MANI
;;85162;MONTERREY
;;85225;NUNCHIA
;;85230;OROCUE
;;85250;PAZ DE ARIPORO
;;85263;PORE
;;85279;RECETOR
;;85300;SABANALARGA
;;85315;SACAMA
;;85325;SAN LUIS DE PALENQUE
;;85400;TAMARA
;;85410;TAURAMENA
;;85430;TRINIDAD
;;85440;VILLANUEVA
;;86001;MOCOA
;;86219;COLON
;;86320;ORITO
;;86568;PUERTO ASIS
;;86569;PUERTO CAICEDO
;;86571;PUERTO GUZMAN
;;86573;LEGUÍZAMO
;;86749;SIBUNDOY
;;86755;SAN FRANCISCO
;;86757;SAN MIGUEL
;;86760;SANTIAGO
;;86865;VALLE DEL GUAMUEZ
;;86885;VILLAGARZON
;;88001;SAN ANDRES
;;88564;PROVIDENCIA
;;91001;LETICIA
;;91263;EL ENCANTO
;;91405;LA CHORRERA
;;91407;LA PEDRERA
;;91430;LA VICTORIA
;;91460;MIRITI-PARANA
;;91530;PUERTO ALEGRIA
;;91536;PUERTO ARICA
;;91540;PUERTO NARIÑO
;;91669;PUERTO SANTANDER
;;91798;TARAPACA
;;94001;INIRIDA
;;94343;BARRANCO MINAS
;;94663;MAPIRIPANA
;;94883;SAN FELIPE
;;94884;PUERTO COLOMBIA
;;94885;LA GUADALUPE
;;94886;CACAHUAL
;;94887;PANA PANA
;;94888;MORICHAL
;;95001;SAN JOSE DEL GUAVIARE
;;95015;CALAMAR
;;95025;EL RETORNO
;;95200;MIRAFLORES
;;97001;MITU
;;97161;CARURU
;;97511;PACOA
;;97666;TARAIRA
;;97777;PAPUNAHUA
;;97889;YAVARATE
;;99001;PUERTO CARREÑO
;;99524;LA PRIMAVERA
;;99624;SANTA ROSALIA
;;99773;CUMARIBO
;C.8;1;Sí
;;2;No
;C.10;-99;No Responde
;;-98;No Sabe
;;-88;No Aplica
;;1;Popular
;;2;Santa Cruz
;;3;Manrique
;;4;Aranjuez
;;5;Castilla
;;6;Doce De Octubre
;;7;Robledo
;;8;Villa Hermosa
;;9;Buenos Aires
;;10;La Candelaria
;;11;Laureles - Estadio
;;12;La América
;;13;San Javier
;;14;El Poblado
;;15;Guayabal
;;16;Belén
;;50;Palmitas
;;60;San Cristóbal
;;70;Altavista
;;80;San Antonio de Prado
;;90;Santa Elena
;C.11;-888;No Aplica
;;-99;No Responde
;;-98;No Sabe
;;-88;No Aplica
;;101;SANTO DOMINGO SABIO Nº 1
;;102;SANTO DOMINGO SABIO Nº 2
;;103;POPULAR
;;104;GRANIZAL
;;105;MOSCÚ Nº 2
;;106;VILLA GUADALUPE
;;107;SAN PABLO
;;108;EL COMPROMISO
;;109;ALDEA PABLO VI
;;110;LA ESPERANZA Nº 2
;;111;LA AVANZADA
;;112;CARPINELO
;;201;LA ISLA
;;202;EL PLAYÓN DE LOS COMUNEROS
;;203;PABLO VI
;;204;LA FRONTERA
;;205;LA FRANCIA
;;206;ANDALUCÍA
;;207;VILLA DEL SOCORRO
;;208;VILLA NIZA
;;209;MOSCÚ Nº 1
;;210;SANTA CRUZ
;;211;LA ROSA
;;301;LA SALLE
;;302;LAS GRANJAS
;;303;CAMPO VALDÉS Nº 2
;;304;SANTA INÉS
;;305;EL RAIZAL
;;306;EL POMAR
;;307;MANRIQUE CENTRAL Nº 2
;;308;MANRIQUE ORIENTAL
;;309;VERSALLES Nº 1
;;310;VERSALLES Nº 2
;;311;LA CRUZ
;;312;ORIENTE
;;313;MARIA CANO - CARAMBOLAS
;;314;SAN JOSÉ LA CIMA Nº 1
;;315;SAN JOSÉ LA CIMA Nº 2
;;401;BERLÍN
;;402;SAN ISIDRO
;;403;PALERMO
;;404;BERMEJAL- LOS ÁLAMOS
;;405;MORAVIA
;;407;SEVILLA
;;408;SAN PEDRO
;;409;MANRIQUE CENTRAL Nº 1
;;410;CAMPO VALDÉS Nº 1
;;411;LAS ESMERALDAS
;;412;LA PIÑUELA
;;413;ARANJUEZ
;;414;BASILIA
;;415;MIRANDA
;;501;TOSCANA
;;502;LAS BRISAS
;;503;FLORENCIA
;;504;TEJELO
;;505;BOYACÁ
;;507;HÉCTOR ABAD GÓMEZ
;;508;BELALCAZAR
;;509;GIRARDOT
;;510;TRICENTENARIO
;;511;CASTILLA
;;513;FRANCISCO ANTONIO ZEA
;;514;ALFONSO LÓPEZ
;;517;CARIBE
;;519;PROGRESO
;;598;OLEODUCTO
;;601;SANTANDER
;;602;DOCE DE OCTUBRE Nº 1
;;603;DOCE DE OCTUBRE Nº 2
;;604;PEDREGAL
;;605;LA ESPERANZA
;;606;SAN MARTÍN DE PORRES
;;607;KENNEDY
;;608;PICACHO
;;609;PICACHITO
;;610;MIRADOR DEL DOCE
;;611;PROGRESO  Nº 2
;;612;EL TRIUNFO
;;702;CERRO EL VOLADOR
;;703;SAN GERMÁN
;;705;BARRIO FACULTAD DE MINAS
;;706;LA PILARICA
;;707;BOSQUES DE SAN PABLO
;;708;ALTAMIRA
;;709;CÓRDOBA
;;710;LÓPEZ DE MESA
;;711;EL DIAMANTE
;;712;AURES Nº 2
;;713;AURES Nº 1
;;714;BELLO HORIZONTE
;;715;VILLA FLORA
;;716;PALENQUE
;;717;ROBLEDO
;;718;CUCARACHO
;;719;FUENTE CLARA
;;720;SANTA MARGARITA
;;722;OLAYA HERRERA
;;723;PAJARITO
;;724;MONTECLARO
;;725;NUEVA VILLA DE LA IGUANA
;;787;Inst_7-Ecoparque Cerro El Volador
;;801;VILLA HERMOSA
;;802;LA MANSIÓN
;;803;SAN MIGUEL
;;804;LA LADERA
;;805;BATALLÓN GIRARDOT
;;806;LLANADITAS
;;807;LOS MANGOS
;;808;ENCISO
;;809;SUCRE
;;810;EL PINAL
;;811;TRECE DE NOVIEMBRE
;;812;LA LIBERTAD
;;813;VILLA TINA
;;814;SAN ANTONIO
;;815;LAS ESTANCIAS
;;816;VILLA TURBAY
;;817;LA SIERRA
;;819;VILLA LILIAM
;;901;JUAN PABLO II
;;902;BARRIOS DE JESÚS
;;903;BOMBONA Nº 2
;;904;LOS CERROS EL VERJEL
;;905;ALEJANDRO ECHAVARRÍA
;;906;BARRIO CAYCEDO
;;907;BUENOS AIRES
;;908;MIRA FLORES
;;909;CATALUÑA
;;910;LA MILAGROSA
;;911;GERONA
;;912;EL SALVADOR
;;913;LORETO
;;914;LA ASOMADERA Nº 1
;;915;LA ASOMADERA Nº 2
;;916;LA ASOMADERA Nº 3
;;917;OCHO DE MARZO
;;1001;PRADO
;;1003;JESÚS NAZARENO
;;1004;EL CHAGUALO
;;1005;ESTACIÓN VILLA
;;1006;SAN BENITO
;;1007;GUAYAQUIL
;;1008;CORAZÓN DE JESÚS
;;1011;CALLE NUEVA
;;1012;PERPETUO SOCORRO
;;1013;BARRIO COLON
;;1014;LAS PALMAS
;;1015;BOMBONA Nº 1
;;1016;BOSTON
;;1017;LOS ÁNGELES
;;1018;VILLA NUEVA
;;1019;LA CANDELARIA
;;1020;SAN DIEGO
;;1032;LAS PALMAS
;;1101;CARLOS E RESTREPO
;;1102;SURAMERICANA
;;1103;NARANJAL
;;1104;SAN JOAQUÍN
;;1105;LOS CONQUISTADORES
;;1107;BOLIVARIANA
;;1108;LAURELES
;;1109;LAS ACACIAS
;;1110;LA CASTELLANA
;;1111;LORENA
;;1112;EL VELÓDROMO
;;1113;ESTADIO
;;1114;LOS COLORES
;;1115;CUARTA BRIGADA
;;1117;FLORIDA NUEVA
;;1201;FERRINI
;;1202;CALAZANS
;;1203;LOS PINOS
;;1204;LA AMÉRICA
;;1205;LA FLORESTA
;;1206;SANTA LUCIA
;;1207;EL DANUBIO
;;1208;CAMPO ALEGRE
;;1209;SANTA MÓNICA
;;1210;BARRIO CRISTÓBAL
;;1211;SIMÓN BOLIVAR
;;1212;SANTA TERESITA
;;1213;CALAZANS PARTE ALTA
;;1283;SN01_3-Sin Nombre
;;1301;EL PESEBRE
;;1302;BLANQUIZAL
;;1303;SANTA ROSA DE LIMA
;;1304;LOS ALCÁZARES
;;1305;METROPOLITANO
;;1306;LA PRADERA
;;1307;JUAN XXIII - LA QUIEBRA
;;1308;SAN JAVIER Nº 2
;;1309;SAN JAVIER Nº 1
;;1310;VEINTE DE JULIO
;;1311;BELENCITO
;;1312;BETANIA
;;1313;EL CORAZÓN
;;1314;LAS INDEPENDENCIAS
;;1315;NUEVOS CONQUISTADORES
;;1316;EL SALADO
;;1317;EDUARDO SANTOS
;;1318;ANTONIO NARIÑO
;;1319;EL SOCORRO / LA GABRIELA
;;1381;SN01_1-Sin Nombre
;;1386;SN01_6-Sin Nombre
;;1389;SN01_2-Sin Nombre
;;1401;BARRIO COLOMBIA
;;1403;VILLA CARLOTA
;;1404;CASTROPOL
;;1405;LALINDE
;;1406;LAS LOMAS Nº 1
;;1407;LAS LOMAS Nº 2
;;1408;ALTOS DEL POBLADO
;;1409;EL TESORO
;;1410;LOS NARANJOS
;;1411;LOS BALSOS Nº 1
;;1412;SAN LUCAS
;;1413;EL DIAMANTE Nº 2
;;1414;EL CASTILLO
;;1415;LOS BALSOS Nº 2
;;1416;ALEJANDRÍA
;;1417;LA FLORIDA
;;1418;EL POBLADO
;;1419;MANILA
;;1420;ASTORGA
;;1421;PATIO BONITO
;;1422;LA AGUACATALA
;;1423;SANTA MARIA DE LOS ÁNGELES
;;1487;SN01_7-Sin Nombre
;;1502;TENCHE
;;1503;TRINIDAD
;;1504;SANTA FE
;;1507;CAMPO AMOR
;;1509;CRISTO REY
;;1510;GUAYABAL
;;1511;LA COLINA
;;1519;Inst_19-Parque Juan Pablo II
;;1598;JUAN PABLO
;;1601;FÁTIMA
;;1602;ROSALES
;;1603;BELÉN
;;1604;GRANADA
;;1605;SAN BERNARDO
;;1606;LAS PLAYAS
;;1607;DIEGO ECHAVARRÍA
;;1608;LA MOTA
;;1609;LA HONDONADA
;;1610;EL RINCÓN
;;1611;LA LOMA DE LOS BERNAL
;;1612;LA GLORIA
;;1613;ALTAVISTA
;;1614;LA PALMA
;;1615;LOS ALPES
;;1616;LAS VIOLETAS
;;1617;LAS MERCEDES
;;1618;NUEVA VILLA DE ABURRA
;;1619;MIRAVALLE
;;1620;EL NOGAL - LOS ALMENDROS
;;1621;CERRO NUTIBARA
;;1685;SN02_5-Sin Nombre
;;5001;LA SUIZA
;;5002;LA SUCIA
;;5003;URQUITA
;;5004;SECTOR CENTRAL
;;5005;VOLCANA GUAYABAL
;;5006;LA FRISOLA
;;5007;LA ALDEA
;;5008;POTRERA MISERENGA
;;6001;LA PALMA
;;6002;EL PATIO
;;6003;EL UVITO
;;6004;LA CUCHILLA
;;6005;NARANJAL
;;6006;BOQUERÓN
;;6007;SAN JOSE DE LA MONTAÑA
;;6008;LA ILUSIÓN
;;6009;EL YOLOMBO
;;6010;EL CARMELO
;;6011;EL PICACHO
;;6012;AE1-Área de Expansón Pajarito
;;6013;PEDREGAL ALTO
;;6014;LA LOMA
;;6015;LAS PLAYAS
;;6016;TRAVESÍAS
;;6017;EL LLANO
;;6084;SN02_4-Sin Nombre
;;6098;AE2-Área de Expansión San Cristobal
;;6099;AUC1-Cabecera Urbana Corregimiento San Cristobal
;;7001;BUGA PATIO BONITO
;;7002;AGUAS FRÍAS
;;7003;EL CORAZÓN EL MORRO
;;7004;SAN PABLO
;;7005;ALTAVISTA CENTRAL
;;7006;LA ESPERANZA
;;7007;SAN JOSÉ DEL MANZANILLO
;;7008;EL JARDÍN
;;7080;SN02_7-Sin Nombre
;;7097;AE6-Área de Expansión Belén Rincón
;;7098;AE5-Área de Expansión Altavista
;;8001;LA FLORIDA
;;8002;POTRERITO
;;8003;MONTAÑITA
;;8004;YARUMALITO
;;8005;ASTILLERO
;;8006;EL SALADO
;;8007;LA VERDE
;;8008;SAN JOSÉ
;;8083;SN02_3-Sin Nombre
;;8096;AUC2-San Antonio de Prado
;;8099;AE7-Área de Expansión San Antonio de Prado
;;9001;LAS PALMAS
;;9002;MEDIA LUNA
;;9003;PIEDRAS BLANCAS
;;9004;BARRO BLANCO
;;9005;EL PLACER
;;9006;SECTOR CENTRAL
;;9007;EL CERRO
;;9008;EL LLANO
;;9009;EL PLAN
;;9010;PIEDRA GORDA
;;9011;MAZO
;;9999;GENERICO CABECERA
;D.1;-99;No responde
;;-98;No sabe
;;-88;No aplica
;;-77;Otra
;;1;Asociación de padres de familia
;;2;Corporaciones
;;3;Juntas administradoras locales - JAL
;;4;Asociaciones de mujeres
;;5;Grupos juveniles
;;6;Veedurías ciudadanas
;;7;Junta de acción comunal - JAC
;;8;Clubes del adulto mayor
;;9;Asambleas barriales
;;10;Consejos comunales de presupuesto participativo
;;11;COPACOS - Comités de participación comunitaria en salud
;;12;Comités barriales de emergencia CBE.
;;13;Comités educativos de prevención y atención de desastres COPADES
;;14;Comités empresariales de gestión del riesgo
;;15;Organizaciones de base para comunidades negras-afrodescendientes.
;;16;Organizaciones indígenas.
;;17;Grupos religiosos.
;;18;Organizaciones de víctimas
;;19;Asociaciones de usuarios
;;20;Sindicatos
;;21;Ninguno
;D.2;-99;No responde
;;-98;No sabe
;;-88;No aplica
;;-77;Otra
;;1;Asociación de padres de familia
;;2;Corporaciones
;;3;Juntas administradoras locales - JAL
;;4;Asociaciones de mujeres
;;5;Grupos juveniles
;;6;Veedurías ciudadanas
;;7;Junta de acción comunal - JAC
;;8;Clubes del adulto mayor
;;9;Asambleas barriales
;;10;Consejos comunales de presupuesto participativo
;;11;COPACOS - Comités de participación comunitaria en salud
;;12;Comités barriales de emergencia CBE.
;;13;Comités educativos de prevención y atención de desastres COPADES
;;14;Comités empresariales de gestión del riesgo
;;15;Organizaciones de base para comunidades negras-afrodescendientes.
;;16;Organizaciones indígenas.
;;17;Grupos religiosos.
;;18;Organizaciones de víctimas
;;19;Asociaciones de usuarios
;;20;Sindicatos
;;21;Ninguno
;D.3;-99;No responde
;;-88;No Aplica
;;1;Sí
;;2;No
;E.1;1;Sí
;;2;No
;E.2;1;Sí
;;2;No
;E.3;-99;No responde
;;-88;No aplica
;;1;Considera que no está en edad escolar
;;2;Considera que ya terminó sus estudios
;;3;Costos educativos elevados o falta de dinero
;;4;Debe encargarse de los oficios del hogar (cuidado de los niños, ancianos, personas con discapacidad, etc.)
;;5;Falta de tiempo
;;6;Por embarazo
;;7;Por inseguridad en el establecimiento educativo, en el entorno del establecimiento o en el lugar de residencia
;;8;Falta de cupos, no pasó examen de admisión
;;9;No existe centro educativo cercano, está muy lejano
;;10;Necesita trabajar
;;11;No le gusta o no le interesa el estudio, aburrición
;;12;Por enfermedad o incapacidad médica
;;13;Necesita educación especial
;;14;Recibe malos tratos en el colegio
;;15;Porque se casó o formó pareja
;;16;Tuvieron que abandonar el lugar de residencia habitual
;;17;Bajo rendimiento académico o indisciplina
;;18;No pudo conseguir los documentos que exigían
;;19;Razones familiares
;;20;Prestar Servicio militar, ejército, policía
;;21;Falta de comprensión de su identidad étnica (cultura, idioma o lengua)
;;22;Ingreso a un programa de rehabilitación por consumo de sustancias psicoactivas
;E.4;-99;No responde
;;-88;No aplica
;;-77;Otro
;;1;Caminando
;;2;Bicicleta
;;3;Moto
;;4;Bus/Buseta/Ejecutivo
;;5;Transporte Informal
;;6;Taxi/ Colectivo
;;7;Transporte Privado
;;8;Metro/ Cable
;;9;Sistema Integrado de Transporte (SIT)
;;10;Caballo (Bestia)
;;11;Lancha, Canoa, Bote
;E.5;-99;No responde
;;-98;No sabe
;;-88;No aplica
;;1;De 0 a 20 minutos
;;2;De 21 a 40 minutos
;;3;De 41 a 60 minutos
;;4;De 61 a 80 minutos
;;5;Más de 81 minutos
;E.6;-99;No responde
;;-98;No sabe
;;0;Ninguno
;;1;Salacuna, guardería, Preescolar
;;2;Primaria (1º a 5º)
;;3;Secundaria (6º a 9º)
;;4;Bachillerato tradicional o Normalista (10º a 13º)
;;5;Media Técnica (1-2 años)
;;6;Tecnológico (2-3 años)
;;7;Universidad (4 a 7 años)
;;8;Especialización (1-2 años)
;;9;Maestría (2-3 años)
;;10;Doctorado (4-5 años)
;;11;Educación no formal
;E.7;-99;No responde
;;-98;No sabe
;;0;Ninguno
;;1;Salacuna, guardería, Preescolar
;;2;Primaria (1º a 5º)
;;3;Secundaria (6º a 9º)
;;4;Bachillerato tradicional o Normalista (10º a 13º)
;;5;Media Técnica (1-2 años)
;;6;Tecnológico (2-3 años)
;;7;Universidad (4 a 7 años)
;;8;Especialización (1-2 años)
;;9;Maestría (2-3 años)
;;10;Doctorado (4-5 años)
;;11;Educación no formal
;E.8;-99;No responde
;;-98;No sabe
;;0;0
;;1;1
;;2;2
;;3;3
;;4;4
;;5;5
;;6;6
;;7;7
;;8;8
;;9;9
;;10;10
;;11;11
;;12;12
;;13;13
;E.9;-99;No responde
;;-98;No sabe
;;-88;No Aplica
;;1;Sí
;;2;No
;F.1;1;Es contributivo cotizante. Tiene EPS.
;;2;Beneficiario del régimen contributivo.
;;3;Subsidiado. Tiene EPS-Subsidiada.
;;4;Régimen especial: (FFAA, Ecopetrol y magisterio)
;;5;Beneficiario del régimen especial.
;;6;No está afiliado y está encuestado en el SISBEN
;;7;No está afiliado y no está encuestado en el Sisbén
;F.2;-99;No responde
;;-98;No sabe
;;-88;No Aplica
;;1;Sí
;;2;No
;F.3;-99;No responde
;;-98;No sabe
;;1;Gravemente limitado
;;2;Limitado pero no gravemente
;;3;Nada limitado
;F.4;-99;No responde
;;-98;No sabe
;;1;Dos o más veces al día
;;2;Una vez al día
;;3;De 4 a 6 veces a la semana
;;4;De 1 a 3 veces a la semana
;;5;Menos de una vez a la semana
;;6;Nunca
;F.5;-99;No responde
;;-98;No sabe
;;1;Dos o más veces al día
;;2;Una vez al día
;;3;De 4 a 6 veces a la semana
;;4;De 1 a 3 veces a la semana
;;5;Menos de una vez a la semana
;;6;Nunca
;F.6;-99;No responde
;;-98;No sabe
;;1;Si, todos los días
;;2;Si, algunas veces a la semana
;;3;Sí, algunas veces al mes
;;4;Sí, algunas veces al año
;;5;No, nunca
;F.7;-99;No responde
;;-98;No sabe
;;1;Sí
;;2;No
;F.8;-99;No responde
;;-98;No sabe
;;1;Sí
;;2;No
;F.9;-99;No responde
;;-98;No sabe
;F.10;-99;No responde
;;-98;No sabe
;F.11;1;Dos o más veces al día
;;2;Una vez al día
;;3;De 4 a 6 veces a la semana
;;4;De 1 a 3 veces a la semana
;;5;Menos de una vez a la semana
;;6;Nunca
;G.1;1;Sí
;;2;No
;G.2;1;Sí
;;2;No
;G.3;1;Sí
;;2;No
;G.4;-99;No responde
;;-98;No sabe
;;0;No ha asistido
;;1;Tres veces o menos
;;2;Más de tres veces
;G.5;-88;No aplica
;;1;Porque no puede permitírselo
;;2;Porque no está interesado
;;3;Porque no hay ningún espectáculo cerca
;;4;Por falta de tiempo
;;5;Por otras razones
;G.6;-99;No responde
;;-98;No sabe
;;0;No ha asistido
;;1;Tres veces o menos
;;2;Más de tres veces
;G.7;-88;No aplica
;;1;Porque no puede permitírselo
;;2;Porque no está interesado
;;3;Porque no hay ningún lugar de interés cultural
;;4;Por falta de tiempo
;;5;Por otras razones
;G.8;-99;No responde
;;-98;No sabe
;;0;No ha asistido
;;1;Tres veces o menos
;;2;Más de tres veces
;G.9;-88;No aplica
;;1;Porque no puede permitírselo
;;2;Porque no está interesado
;;3;Porque no hay ningún cine cerca
;;4;Por falta de tiempo
;;5;Porque ve películas por otro medio (televisión, internet)
;;6;Por otras razones
;G.10;-99;No responde
;;-98;No sabe
;;0;No ha asistido
;;1;Tres veces o menos
;;2;Más de tres veces
;G.11;-88;No aplica
;;1; Porque no puede permitírselo
;;2;Porque no está interesado
;;3;Porque no hay ningún acontecimiento deportivo
;;4;Por falta de tiempo
;;5;Porque ve eventos deportivos por otros medios (televisión, internet)
;;6;Por otras razones
;H.1;-99;No responde
;;-98;No sabe
;;-88;No aplica
;;1;Asalariado a tiempo completo
;;2;Asalariado a tiempo parcial
;;3;Trabajador por cuenta propia a tiempo completo (incluida ayuda familiar)
;;4;Trabajador por cuenta propia a tiempo parcial (incluida ayuda familiar)
;;5;Desempleado
;;6;Estudiante, escolar, o en formación
;;7;Jubilado o jubilado anticipado
;;8;Incapacitado permanente para trabajar
;;9;Dedicado a las labores del hogar, al cuidado de niños u otras personas
;H.2A;-99;No responde
;;-98;No sabe
;;-88;No Aplica
;;1;Sí
;;2;No
;H.2B;-99;No responde
;;-98;No sabe
;;-88;No aplica
;H.3A;-99;No responde
;;-98;No sabe
;;-88;No Aplica
;;1;Sí
;;2;No
;H.3B;-99;No responde
;;-98;No sabe
;;-88;No aplica
;H.4;-99;No responde
;;-98;No sabe
;;-88;No aplica
;;1;Diario
;;2;Semanal
;;3;(Decadal) Cada diez días
;;4;Quincenal
;;5;Mensual
;;6;Bimestral
;;7;Trimestral
;;8;Anual (o no tiene periodicidad)
;H.5;-99;No responde
;;-98;No sabe
;;-88;No aplica
;H.6;-99;No responde
;;-98;No sabe
;;-88;No aplica
;H.7;-99;No responde
;;-98;No sabe
;;-88;No aplica
;H.8;-99;No responde
;;-98;No sabe
;;-88;No aplica
;;0;No recibió
;H.9;-99;No responde
;;-98;No sabe
;;-88;No aplica
;;0;No recibió
;H.10;-99;No responde
;;-98;No sabe
;;-88;No aplica
;;0;No recibió
;H.11;-99;No responde
;;-98;No sabe
;;-88;No aplica
;;0;No recibió
;H.12;-99;No responde
;;-98;No sabe
;;-88;No aplica
;;0;No recibió
;H.13;-99;No responde
;;-98;No sabe
;;-88;No aplica
;;0;No recibió
;H.14;-99;No responde
;;-98;No sabe
;;-88;No aplica
;;0;No recibió
;H.15;-99;No responde
;;-98;No sabe
;;-88;No aplica
;;0;No recibió
;H.16;-99;No responde
;;-98;No sabe
;;-88;No Aplica
;;1;Sí
;;2;No
;H.17;-99;No responde
;;-98;No sabe
;;-88;No Aplica
;;1;Sí
;;2;No
;H.18;-99;No responde
;;-98;No sabe
;;-88;No aplica
;H.19;-99;No responde
;;-98;No sabe
;;0;No recibió
;H.20;-99;No responde
;;-98;No sabe
;;-88;No aplica
;;0;No recibió
;H.21;-99;No responde
;;-98;No sabe
;;0;No recibió
;H.22;-99;No responde
;;-98;No sabe
;;-88;No aplica
;;0;No recibió
;H.23;-99;No responde
;;-98;No sabe
;;0;No recibió
;H.24;-99;No responde
;;-98;No sabe
;;0;No recibió
;H.25;-99;No responde
;;-98;No sabe
;;-88;No aplica
;;0;No recibió
;H.26;-99;No responde
;;-98;No sabe
;;0;No recibió
;H.27;-99;No responde
;;-98;No sabe
;;0;No recibió
;H.28;-99;No responde
;;-98;No sabe
;;0;No recibió
;H.29;-99;No responde
;;-98;No sabe
;;-88;No aplica
;H.30;-99;No responde
;;-98;No sabe
;;-88;No aplica
;H.31;-99;No responde
;;-98;No sabe
;;-88;No aplica
;;1;Asalariado a tiempo completo
;;2;Asalariado a tiempo parcial
;;3;Trabajador por cuenta propia a tiempo completo (incluida ayuda familiar)
;;4;Trabajador por cuenta propia a tiempo parcial (incluida ayuda familiar)
;;5;Desempleado
;;6;Estudiante, escolar, o en formación
;;7;Jubilado o jubilado anticipado
;;8;Incapacitado permanente para trabajar
;;9;Dedicado a las labores del hogar, al cuidado de niños u otras personas
;H.32;-88;No aplica
;;1;Agropecuaria, Silvicultura y pesca
;;2;Minería
;;3;Electricidad, gas, agua y alcantarillado
;;4;Industria
;;5;Construcción
;;6;Comercio, hotel, restaurantes
;;7;Transporte, almacenamiento y comunicaciones
;;8;Establecimiento Financieros, inmuebles y otros
;;9;Servicios Sociales, Comunales y personales
;H.33;-99;No responde
;;-98;No sabe
;;-88;No aplica
;H.34;-99;No responde
;;-98;No sabe
;;-88;No aplica
;H.35;-99;No responde
;;-98;No sabe
;;-88;No Aplica
;;1;Sí
;;2;No
;H.36;-99;No responde
;;-88;No aplica
;;-77;Otro
;;1;Caminando
;;2;Bicicleta
;;3;Moto
;;4;Bus/Buseta/Ejecutivo
;;5;Transporte Informal
;;6;Taxi/ Colectivo
;;7;Transporte Privado
;;8;Metro/ Cable
;;9;Sistema Integrado de Transporte (SIT)
;;10;Caballo (Bestia)
;;11;Lancha, Canoa, Bote
;H.37;-99;No responde
;;-98;No sabe
;;-88;No aplica
;H.38;-99;No responde
;;-98;No sabe
;;-88;No aplica
;;1;Contrato escrito de duración indefinida o a término fijo
;;2;Contrato verbal de duración indefinida o a término fijo
;;3;Contrato escrito eventual o temporal
;;4;Contrato verbal eventual o temporal
;;5;Sin contrato
;H.39;-99;No responde
;;-98;No sabe
;;-88;No Aplica
;;1;Sí
;;2;No
;H.40;-99;No responde
;;-98;No sabe
;;-88;No Aplica
;;1;Sí
;;2;No
;H.41;-88;No aplica
;;0;(Nada satisfecho)
;;1;1
;;2;2
;;3;3
;;4;4
;;5;5
;;6;6
;;7;7
;;8;8
;;9;9
;;10;(Plenamente satisfecho)
;H.42;-99;No responde
;;-98;No sabe
;;-88;No aplica
;H.43;-99;No responde
;;-98;No sabe
;;-88;No Aplica
;;1;Sí
;;2;No
;H.44;-88;No aplica
;;0;No dedican tiempo
;I.1;1;Rancho, vivienda de desechos
;;2;Cuarto(s)
;;3;Cuarto en inquilinato
;;4;Apartamento
;;5;Casa
;I.2;1;Materiales de desechos y otros (zinc, tela, lona, cartón, latas, desechos, plásticos, etc )
;;2;Madera burda
;;3;Bahareque sin revocar, guadua, caña, esterilla, Otro vegetal
;;4;Bahareque revocado
;;5;Tapia pisada
;;6;Ladrillo-bloque-adobe sin ranurar, sin revocar o sin revitar
;;7;Material prefabricado, Dry wall
;;8;Bloque ranurado o revitado
;;9;Ladrillo ranurado o revitado
;;10;Ladrillo-bloque forrado en piedra o madera
;I.3;1;Teja de barro, plancha o placa de cemento
;;2;Teja de zinc o eternit con cielo raso
;;3;Teja de Zinc o eternit sin cielo raso
;;4;Paja o palma
;;5;Desechos (cartón, lata, sacos, plásticos, etc )
;I.4;1;Tierra o arena
;;2;Madera burda, tabla, tablón u otro vegetal
;;3;Cemento sin pulir o gravilla
;;4;Baldosa, vinilo, tableta, ladrillo, o cemento pulido
;;5;Mármol, Porcelanato
;;6;Madera pulida y lacada, parqué, cristal
;;7;Alfombra o tapete de pared a pared
;I.5;1;Entidad prestadora de servicios públicos domiciliarios
;;2;Acueducto veredal o comunal
;;3;Pozo con bomba
;;4;Pozo sin bomba, aljibe, jagüey o barreno
;;5;Agua lluvia
;;6;Río, quebrada, manantial o nacimiento
;;7;Pila pública
;;8;Carro tanque
;;9;Aguatero
;;10;Agua embotellada o en bolsa
;I.10;1;Sí
;;2;No
;I.11;-88;No aplica
;;1;Bueno
;;2;Regular
;;3;Malo
;I.12;-88;No Aplica
;;1;Sí
;;2;No
;I.13;-88;No Aplica
;;1;Sí
;;2;No
;I.14;1;Sí
;;2;No
;I.15;-88;No aplica
;;1;Bueno
;;2;Regular
;;3;Malo
;I.16;-88;No Aplica
;;1;Sí
;;2;No
;I.17;1;Sí
;;2;No
;I.18;-88;No aplica
;;1;Bueno
;;2;Regular
;;3;Malo
;I.19;1;Sí
;;2;No
;I.20;-88;No aplica
;;1;Bueno
;;2;Regular
;;3;Malo
;I.21;-88;No Aplica
;;1;Sí
;;2;No
;I.22;-88;No Aplica
;;1;Sí
;;2;No
;I.23;1;Sí
;;2;No
;I.24;-88;No aplica
;;1;Bueno
;;2;Regular
;;3;Malo
;I.25;-88;No Aplica
;;1;Sí
;;2;No
;I.26;1;Sí
;;2;No
;I.27;-88;No aplica
;;1;Bueno
;;2;Regular
;;3;Malo
;I.28;1;Sí
;;2;No
;I.29;-88;No aplica
;;1;Bueno
;;2;Regular
;;3;Malo
;I.30;1;Sí
;;2;No
;I.31;-88;No aplica
;;1;Bueno
;;2;Regular
;;3;Malo
;I.32;-88;No Aplica
;;1;Sí
;;2;No
;I.33;-88;No Aplica
;;1;Sí
;;2;No
;I.34;-88;No Aplica
;;1;Sí
;;2;No
;I.35;0;(Nada satisfecho)
;;1;1
;;2;2
;;3;3
;;4;4
;;5;5
;;6;6
;;7;7
;;8;8
;;9;9
;;10;(Plenamente satisfecho)
;J.1;1;No tiene
;;2;Bajamar
;;3;Letrina
;;4;Inodoro sin conexión a alcantarillado o pozo séptico
;;5;Inodoro conectado a pozo séptico
;;6;Inodoro conectado a alcantarillado
;J.31;-88;No aplica
;J.32;-88;No aplica
;J.33;-88;No aplica
;J.34;1;En un cuarto solo para cocinar
;;2;En un cuarto usado también para dormir
;;3;En una sala comedor con lavaplatos
;;4;En una sala comedor sin lavaplatos
;;5;En un patio, corredor, enramada o al aire libre
;;6;En ninguna parte, no preparan alimentos
;J.35;-88;No aplica
;;1;Electricidad
;;2;Gas natural conectado a red pública
;;3;Petróleo, gasolina, kerosene, alcohol, cocinol
;;4;Gas propano (cilindro - pipeta)
;;5;Carbón mineral
;;6;Leña, madera
;;7;Carbón de leña
;J.36;1;En arriendo o subarriendo mensual
;;2;Propia, la están pagando mensual
;;3;Propia, totalmente pagada
;;4;En usufructo
;;5;Ocupante de hecho
;;6;Anticresis
;J.37;-88;No aplica
;J.38;-88;No aplica
;J.39;-88;No aplica
;J.40;-88;No aplica
;J.41;-88;No aplica
;J.42;-88;No aplica
;J.43;-88;No aplica
;J.44;-88;No aplica
;J.45;-88;No aplica
;J.46;-88;No aplica
;J.47;-88;No aplica
;J.48;-88;No aplica
;J.49;-88;No aplica
;J.50;-88;No aplica
;J.51;-88;No aplica
;J.52;-88;No aplica
;K.1;-99;No responde
;;-98;No sabe
;K.2;-99;No responde
;;-98;No sabe
;K.3;-99;No responde
;;-98;No sabe
;K.4;-99;No responde
;;-98;No sabe
;K.5;-99;No responde
;;-98;No sabe
;K.6;-99;No responde
;;-98;No sabe
;K.7;-99;No responde
;;-98;No sabe
;K.8;-99;No responde
;;-98;No sabe
;K.9;-99;No responde
;;-98;No sabe
;K.10;-99;No responde
;;-98;No sabe
;K.11;-99;No responde
;;-98;No sabe
;K.12;-99;No responde
;;-98;No sabe
;K.13;-99;No responde
;;-98;No sabe
;K.14;-99;No responde
;;-98;No sabe
;K.15;-99;No responde
;;-98;No sabe
;K.16;-99;No responde
;;-98;No sabe
;K.17;-99;No responde
;;-98;No sabe
;K.18;-99;No responde
;;-98;No sabe
;K.19;-99;No responde
;;-98;No sabe
;L.1;-99;No responde
;;-98;No sabe
;;1;Mucho mejor
;;2;Mejor
;;3;Igual
;;4;Peor
;L.2;0;(Muy difícil)
;;1;1
;;2;2
;;3;3
;;4;4
;;5;5
;;6;6
;;7;7
;;8;8
;;9;9
;;10;(Sin dificultad)
;L.3;1;Sí
;;2;No
;L.4;1;Sí
;;2;No
;L.5;1;Sí
;;2;No
;L.6;1;Sí
;;2;No
;L.7;1;Sí
;;2;No
;L.8;1;Sí
;;2;No
;L.9;1;Sí
;;2;No
;L.10;1;Sí
;;2;No
;L.11;1;Sí
;;2;No
;L.12;1;Sí
;;2;No
;L.13;1;Sí
;;2;No
;L.14;1;Sí
;;2;No
;L.15;1;Sí
;;2;No
;L.16;1;Sí
;;2;No
;L.17;-88;No aplica
;;1;Hasta un salario mínimo
;;2;Dos salarios mínimos
;;3;Tres salarios mínimos
;;4;Cuatro salarios mínimos
;;5;Cinco salarios mínimos o más
;L.18;1;Sí
;;2;No
;L.19;1;Muy mala
;;2;Mala
;;3;Aceptable
;;4;Buena
;;5;Muy buena
;L.20;1;Muy mala
;;2;Mala
;;3;Aceptable
;;4;Buena
;;5;Muy buena
;M.1;-99;No responde
;;-98;No sabe
;;1;Sí
;;2;No
;M.2;-99;No responde
;;-98;No sabe
;;1;Sí
;;2;No
;M.3;-99;No responde
;;-98;No sabe
;;1;Sí
;;2;No
;M.4;-99;No responde
;;-98;No sabe
;;1;Sí
;;2;No
;M.5;-99;No responde
;;-98;No sabe
;;1;Sí
;;2;No
;N.1;-99;No responde
;;1;Muy insatisfecho
;;2;Insatisfecho
;;3;Aceptable
;;4;Satisfecho
;;5;Muy satisfecho
;N.2;-99;No responde
;;-98;No sabe
;;1;Sí
;;2;No
;N.3;-99;No responde
;;-98;No sabe
;;1;Sí
;;2;No
;N.4;-99;No responde
;;-98;No sabe
;;1;Sí
;;2;No
;N.5;1;Muy mala
;;2;Mala
;;3;Aceptable
;;4;Buena
;;5;Muy buena
;N.6;-99;No responde
;;-98;No sabe
;;1;Sí
;;2;No
;N.7;0;(No confía)
;;1;1
;;2;2
;;3;3
;;4;4
;;5;5
;;6;6
;;7;7
;;8;8
;;9;9
;;10;(Confía plenamente)
;N.8;0;(No confía)
;;1;1
;;2;2
;;3;3
;;4;4
;;5;5
;;6;6
;;7;7
;;8;8
;;9;9
;;10;(Confía plenamente)
;N.9;0;(No confía)
;;1;1
;;2;2
;;3;3
;;4;4
;;5;5
;;6;6
;;7;7
;;8;8
;;9;9
;;10;(Confía plenamente)
;N.10;0;(No tiene libertad)
;;1;1
;;2;2
;;3;3
;;4;4
;;5;5
;;6;6
;;7;7
;;8;8
;;9;9
;;10;(No tiene restricciones)
;N.11;0;(No tiene libertad)
;;1;1
;;2;2
;;3;3
;;4;4
;;5;5
;;6;6
;;7;7
;;8;8
;;9;9
;;10;(No tiene restricciones)
;O.1;1;Sí
;;2;No
;O.2;1;Sí
;;2;No
;O.3;1;Sí
;;2;No
;O.4;1;Sí
;;2;No
;O.5;1;Sí
;;2;No
;O.6;1;Sí
;;2;No
;O.7;1;Sí
;;2;No
;O.8;1;Sí
;;2;No
;O.9;1;Sí
;;2;No
;O.10;1;Sí
;;2;No
;O.11;-88;No Aplica
;;1;Sí
;;2;No
;O.12;-88;No Aplica
;;1;Sí
;;2;No
;O.13;-88;No Aplica
;;1;Sí
;;2;No
;O.14;-88;No Aplica
;;1;Sí
;;2;No
;O.15;-88;No Aplica
;;1;Sí
;;2;No
;O.16;-88;No Aplica
;;1;Sí
;;2;No
;P.1;1;Muy grave
;;2;Grave
;;3;Algo de contaminación
;;4;Poca contaminación
;;5;Sin contaminación
;P.2;1;Muy grave
;;2;Grave
;;3;Algo de contaminación
;;4;Poca contaminación
;;5;Sin contaminación
;P.3;1;Muy grave
;;2;Grave
;;3;Algo de contaminación
;;4;Poca contaminación
;;5;Sin contaminación
;P.4;1;Muy grave
;;2;Grave
;;3;Algo de contaminación
;;4;Poca contaminación
;;5;Sin contaminación
;P.5;1;Muy grave
;;2;Grave
;;3;Algo de contaminación
;;4;Poca contaminación
;;5;Sin contaminación
;P.6;1;Muy mala
;;2;Mala
;;3;Aceptable
;;4;Buena
;;5;Muy buena
;P.7;1;Muy mala
;;2;Mala
;;3;Aceptable
;;4;Buena
;;5;Muy buena
;P.8;1;Muy mala
;;2;Mala
;;3;Aceptable
;;4;Buena
;;5;Muy buena
;P.9;1;Muy mala
;;2;Mala
;;3;Aceptable
;;4;Buena
;;5;Muy buena
;P.10;1;Sí
;;2;No
;P.11;1;Sí
;;2;No
;P.12;0;(Nada satisfecho)
;;1;1
;;2;2
;;3;3
;;4;4
;;5;5
;;6;6
;;7;7
;;8;8
;;9;9
;;10;(Plenamente satisfecho)
;P.13;0;(Nada satisfecho)
;;1;1
;;2;2
;;3;3
;;4;4
;;5;5
;;6;6
;;7;7
;;8;8
;;9;9
;;10;(Plenamente satisfecho)
;Q.1;0;(Muy malo)
;;1;1
;;2;2
;;3;3
;;4;4
;;5;5
;;6;6
;;7;7
;;8;8
;;9;9
;;10;(Excelente)
;Q.2;0;(Muy poca)
;;1;1
;;2;2
;;3;3
;;4;4
;;5;5
;;6;6
;;7;7
;;8;8
;;9;9
;;10;(Excelente)
;Q.3;0;(Muy poca)
;;1;1
;;2;2
;;3;3
;;4;4
;;5;5
;;6;6
;;7;7
;;8;8
;;9;9
;;10;(Excelente)
;R.1;1;Muy mala
;;2;Mala
;;3;Aceptable
;;4;Buena
;;5;Muy buena
;R.2;0;(No merece la pena)
;;1;1
;;2;2
;;3;3
;;4;4
;;5;5
;;6;6
;;7;7
;;8;8
;;9;9
;;10;(Merece la pena totalmente)
;R.3;0;(Nada satisfecho)
;;1;1
;;2;2
;;3;3
;;4;4
;;5;5
;;6;6
;;7;7
;;8;8
;;9;9
;;10;(Plenamente satisfecho)
;R.4;1;Siempre
;;2;Casi siempre
;;3;Algunas veces
;;4;Solo alguna vez
;;5;Nunca
;S.1;1;Sí
;;2;No
;S.2;1;Sí
;;2;No
;S.3;1;Sí
;;2;No
;S.4;1;Sí
;;2;No
;S.5;1;Muy seguro
;;2;Bastante seguro
;;3;Un poco inseguro
;;4;Muy inseguro
;T.1;1;Muy buena
;;2;Buena
;;3;Regular
;;4;Mala
;;5;Muy mala
;T.2;1;Si, al menos en una ocasión he necesitado asistencia médica
;;2;No, en ninguna ocasión he necesitado asistencia médica
;T.3;-99;No responde
;;-98;No sabe
;;-88;No Aplica
;;1;Sí
;;2;No
;T.4;-88;No aplica
;;0;(Muy mala)
;;1;1
;;2;2
;;3;3
;;4;4
;;5;5
;;6;6
;;7;7
;;8;8
;;9;9
;;10;(Muy buena)
;T.5;-99;No responde
;;-98;No sabe
;;1;Sí
;;2;No
;T.6;-99;No responde
;;-98;No sabe
;;1;Sí
;;2;No
;T.7;-99;No responde
;;-98;No sabe
;;-88;No Aplica
;;1;Sí
;;2;No
;U.1;-99;No responde
;;-98;No sabe
;;1;Sí
;;2;No
;U.2;-99;No responde
;;-98;No sabe
;;1;Sí
;;2;No
;U.3;0;(No confina en nadie)
;;1;1
;;2;2
;;3;3
;;4;4
;;5;5
;;6;6
;;7;7
;;8;8
;;9;9
;;10;(Puede confiar en la mayor parte de las personas)
;U.4;0;(Nada satisfecho)
;;1;1
;;2;2
;;3;3
;;4;4
;;5;5
;;6;6
;;7;7
;;8;8
;;9;9
;;10;(Plenamente satisfecho)
;U.5;0;(Nada satisfecho)
;;1;1
;;2;2
;;3;3
;;4;4
;;5;5
;;6;6
;;7;7
;;8;8
;;9;9
;;10;(Plenamente satisfecho)
;U.6;0;(Nada satisfecho)
;;1;1
;;2;2
;;3;3
;;4;4
;;5;5
;;6;6
;;7;7
;;8;8
;;9;9
;;10;(Plenamente satisfecho)
;U.7;1;Diaria
;;2;Semanal pero no diaria
;;3;Varias veces al mes pero no semanal
;;4;Una vez al mes
;;5;Al menos una vez al año pero menos de una vez al mes
;;6;Nunca
;V.1;-99;No responde
;;-98;No sabe
;;1;Sí
;;2;No
;V.2;-99;No responde
;;-98;No sabe
;;1;Sí
;;2;No
;V.3;-99;No responde
;;-98;No sabe
;;1;Sí
;;2;No
;V.4;-99;No responde
;;-98;No sabe
;;1;Sí
;;2;No
;V.5;-99;No responde
;;-98;No sabe
;;1;Sí
;;2;No
;W.1;-99;No responde
;;-98;No sabe
;;1;Sí
;;2;No
;W.2;-99;No responde
;;-98;No sabe
;;1;Sí
;;2;No
;W.3;-99;No responde
;;-98;No sabe
;;1;Sí
;;2;No
;W.4;-99;No responde
;;-98;No sabe
;;1;Sí
;;2;No
;W.5;-99;No responde
;;-98;No sabe
;;1;Sí
;;2;No
;W.6;-99;No responde
;;-98;No sabe
;;1;Sí
;;2;No
;W.7;-99;No responde
;;-98;No sabe
;;1;Sí
;;2;No
;W.8;-99;No responde
;;-98;No sabe
;;1;Sí
;;2;No
;W.9;-99;No responde
;;-98;No sabe
;;1;Sí
;;2;No
;W.10;-99;No responde
;;-98;No sabe
;;1;Sí
;;2;No
;W.11;-99;No responde
;;-98;No sabe
;;1;Sí
;;2;No
;W.12;-99;No responde
;;-98;No sabe
;;1;Sí
;;2;No
